form_id,theme_code
12-1001,loan_servicing
12-1002,privacy
12-1003,fair_lending
12-1004,member_service
12-1006,credit_reporting
12-1007,debit_dispute
12-1009,debit_dispute
12-1010,fraud_scam
12-1012,digital_access
12-1014,funds_availability
12-1017,fraud_scam
12-1018,fees_overdraft
12-1019,debit_dispute
12-1020,fees_overdraft
12-1022,credit_reporting
12-1024,digital_access
12-1028,member_service
12-1029,fees_overdraft
12-1033,digital_access
12-1035,member_service
12-1036,digital_access
12-1037,fees_overdraft
12-1038,fraud_scam
12-1039,digital_access
12-1040,fees_overdraft
12-1041,loan_servicing
12-1042,loan_servicing
12-1044,fraud_scam
12-1045,debit_dispute
12-1049,fees_overdraft
12-1051,debit_dispute
12-1053,fees_overdraft
12-1058,loan_servicing
12-1060,account_open_close
12-1063,debit_dispute
12-1071,debit_dispute
12-1074,member_service
12-1079,fraud_scam
12-1080,fees_overdraft
12-1088,debit_dispute
12-1089,fees_overdraft
12-1090,funds_availability
12-1093,privacy
12-1094,fees_overdraft
12-1096,loan_servicing
12-1097,credit_card_billing
12-1100,fraud_scam
12-1102,fees_overdraft
12-1103,loan_servicing
12-1104,digital_access
12-1106,debit_dispute
12-1110,loan_servicing
12-1111,loan_servicing
12-1112,fees_overdraft
12-1113,fees_overdraft
12-1114,fees_overdraft
12-1120,funds_availability
12-1121,fees_overdraft
12-1122,loan_servicing
12-1123,digital_access
12-1124,member_service
12-1126,credit_card_billing
12-1127,fees_overdraft
12-1128,loan_servicing
12-1134,member_service
12-1135,member_service
12-1143,debit_dispute
12-1145,member_service
12-1148,fraud_scam
12-1149,credit_card_billing
12-1151,fees_overdraft
12-1155,account_open_close
12-1156,fraud_scam
12-1157,account_open_close
12-1158,member_service
12-1160,digital_access
12-1162,loan_servicing
12-1168,fees_overdraft
12-1169,debit_dispute
12-1175,fees_overdraft
12-1176,credit_card_billing
12-1177,account_open_close
12-1179,loan_servicing
12-1183,member_service
12-1185,funds_availability
12-1186,fees_overdraft
12-1188,fees_overdraft
12-1190,member_service
12-1200,member_service
12-1202,fees_overdraft
12-1204,debit_dispute
12-1205,debit_dispute
12-1206,fees_overdraft
12-1207,fees_overdraft
12-1210,fees_overdraft
12-1211,debit_dispute
12-1212,fraud_scam
12-1215,loan_servicing
12-1216,credit_reporting
12-1218,fraud_scam
12-1220,credit_reporting
12-1223,fees_overdraft
12-1226,privacy
12-1228,digital_access
12-1230,credit_reporting
12-1231,member_service
12-1232,digital_access
12-1238,privacy
12-1239,debit_dispute
12-1241,digital_access
12-1244,fees_overdraft
12-1245,fraud_scam
12-1247,fees_overdraft
12-1250,fees_overdraft
12-1251,digital_access
12-1252,account_open_close
12-1255,credit_reporting
12-1256,fair_lending
12-1257,privacy
12-1260,digital_access
12-1261,credit_card_billing
12-1262,member_service
12-1263,debit_dispute
12-1266,fees_overdraft
12-1268,loan_servicing
12-1269,fees_overdraft
12-1270,credit_card_billing
12-1272,credit_card_billing
12-1274,digital_access
12-1276,fees_overdraft
12-1277,funds_availability
12-1280,fees_overdraft
12-1281,digital_access
12-1283,account_open_close
12-1284,fees_overdraft
12-1286,fraud_scam
12-1287,debit_dispute
12-1290,fees_overdraft
12-1297,fees_overdraft
12-1300,fees_overdraft
12-1304,loan_servicing
12-1305,account_open_close
12-1306,funds_availability
12-1308,loan_servicing
12-1313,fraud_scam
12-1314,member_service
12-1319,member_service
12-1322,credit_card_billing
12-1323,credit_reporting
12-1327,debit_dispute
12-1331,digital_access
12-1333,debit_dispute
12-1337,fees_overdraft
12-1339,debit_dispute
12-1342,credit_reporting
12-1344,member_service
12-1356,debit_dispute
12-1358,credit_card_billing
12-1363,account_open_close
12-1366,debit_dispute
12-1368,loan_servicing
12-1369,debit_dispute
12-1370,loan_servicing
12-1371,digital_access
12-1372,debit_dispute
12-1374,digital_access
12-1375,fees_overdraft
12-1377,fraud_scam
12-1378,fees_overdraft
12-1386,fees_overdraft
12-1388,fees_overdraft
12-1391,funds_availability
12-1392,funds_availability
12-1393,digital_access
12-1398,credit_reporting
12-1401,credit_reporting
12-1403,digital_access
12-1407,fees_overdraft
12-1408,fees_overdraft
12-1411,privacy
12-1413,loan_servicing
12-1420,funds_availability
12-1422,fees_overdraft
12-1424,loan_servicing
12-1425,fees_overdraft
12-1427,credit_card_billing
12-1429,credit_card_billing
12-1430,account_open_close
12-1431,debit_dispute
12-1432,debit_dispute
12-1433,digital_access
12-1434,fees_overdraft
12-1435,fraud_scam
12-1436,member_service
12-1438,account_open_close
12-1439,debit_dispute
12-1440,fees_overdraft
12-1446,digital_access
12-1447,credit_card_billing
12-1450,fees_overdraft
12-1452,debit_dispute
12-1455,fraud_scam
12-1456,credit_reporting
12-1457,loan_servicing
12-1458,debit_dispute
12-1460,loan_servicing
12-1462,debit_dispute
12-1463,loan_servicing
12-1465,fair_lending
12-1466,loan_servicing
12-1467,fees_overdraft
12-1468,digital_access
12-1474,fees_overdraft
12-1475,member_service
12-1476,account_open_close
12-1477,credit_reporting
12-1479,fraud_scam
12-1480,member_service
12-1485,fees_overdraft
12-1488,member_service
12-1491,debit_dispute
12-1494,debit_dispute
12-1496,digital_access
12-1497,member_service
12-1499,account_open_close
12-1500,funds_availability
12-1503,member_service
12-1504,loan_servicing
12-1505,member_service
12-1510,debit_dispute
12-1514,fraud_scam
12-1517,member_service
12-1519,member_service
12-1521,account_open_close
12-1523,credit_card_billing
12-1531,account_open_close
12-1535,credit_card_billing
12-1537,credit_reporting
12-1539,credit_card_billing
12-1542,member_service
12-1544,fees_overdraft
12-1545,credit_card_billing
12-1549,digital_access
12-1550,debit_dispute
12-1552,account_open_close
12-1553,member_service
12-1554,fees_overdraft
12-1557,account_open_close
12-1560,funds_availability
12-1561,digital_access
12-1562,debit_dispute
12-1565,debit_dispute
12-1568,credit_card_billing
12-1570,debit_dispute
12-1573,debit_dispute
12-1574,fees_overdraft
12-1576,funds_availability
12-1578,member_service
12-1581,fair_lending
12-1585,digital_access
12-1588,loan_servicing
12-1589,fraud_scam
12-1590,digital_access
12-1592,member_service
12-1593,fraud_scam
12-1598,digital_access
12-1602,member_service
12-1603,member_service
12-1606,digital_access
12-1611,credit_reporting
12-1614,credit_reporting
12-1615,loan_servicing
12-1616,debit_dispute
12-1619,member_service
12-1623,credit_card_billing
12-1624,debit_dispute
12-1625,funds_availability
12-1628,loan_servicing
12-1631,debit_dispute
12-1634,fees_overdraft
12-1635,debit_dispute
12-1639,debit_dispute
12-1644,funds_availability
12-1646,privacy
12-1654,debit_dispute
12-1656,credit_card_billing
12-1658,fraud_scam
12-1661,fraud_scam
12-1664,member_service
12-1668,loan_servicing
12-1671,debit_dispute
12-1672,privacy
12-1673,fraud_scam
12-1675,credit_reporting
12-1683,account_open_close
12-1689,debit_dispute
12-1691,loan_servicing
12-1692,fair_lending
12-1694,fraud_scam
12-1695,member_service
12-1696,fees_overdraft
12-1697,privacy
12-1699,debit_dispute
12-1700,fraud_scam
12-1701,fees_overdraft
12-1703,digital_access
12-1705,account_open_close
12-1706,loan_servicing
12-1710,fees_overdraft
12-1714,credit_card_billing
12-1715,debit_dispute
12-1716,digital_access
12-1722,credit_card_billing
12-1723,debit_dispute
12-1725,fees_overdraft
12-1726,digital_access
12-1728,fraud_scam
12-1729,digital_access
12-1739,fees_overdraft
12-1740,member_service
12-1744,credit_reporting
12-1746,privacy
12-1747,credit_card_billing
12-1754,funds_availability
12-1755,fraud_scam
12-1758,fraud_scam
12-1761,member_service
12-1763,funds_availability
12-1766,member_service
12-1767,credit_reporting
12-1773,funds_availability
12-1774,debit_dispute
12-1775,debit_dispute
12-1777,debit_dispute
12-1778,account_open_close
12-1782,debit_dispute
12-1785,fees_overdraft
12-1790,debit_dispute
12-1791,fraud_scam
12-1792,loan_servicing
12-1794,digital_access
12-1795,digital_access
12-1796,digital_access
12-1797,fraud_scam
12-1798,loan_servicing
12-1801,loan_servicing
12-1802,fraud_scam
12-1803,debit_dispute
12-1804,debit_dispute
12-1805,debit_dispute
12-1807,funds_availability
12-1808,debit_dispute
12-1809,member_service
12-1810,loan_servicing
12-1813,fees_overdraft
12-1815,debit_dispute
12-1819,digital_access
12-1822,fraud_scam
12-1823,member_service
12-1824,privacy
12-1826,fair_lending
12-1827,privacy
12-1830,loan_servicing
12-1831,digital_access
12-1833,fraud_scam
12-1834,funds_availability
12-1835,account_open_close
12-1840,account_open_close
12-1842,loan_servicing
12-1844,credit_reporting
12-1845,fees_overdraft
12-1847,member_service
12-1849,debit_dispute
12-1851,credit_card_billing
12-1853,fair_lending
12-1854,fees_overdraft
12-1855,debit_dispute
12-1856,digital_access
12-1857,fraud_scam
12-1865,credit_reporting
12-1866,digital_access
12-1867,fees_overdraft
12-1868,loan_servicing
12-1869,debit_dispute
12-1870,funds_availability
12-1875,member_service
12-1881,privacy
12-1890,digital_access
12-1891,digital_access
12-1892,account_open_close
12-1895,member_service
12-1897,fraud_scam
12-1899,debit_dispute
12-1900,funds_availability
12-1901,fraud_scam
12-1906,privacy
12-1909,debit_dispute
12-1910,loan_servicing
12-1914,fair_lending
12-1915,loan_servicing
12-1917,account_open_close
12-1918,fees_overdraft
12-1922,fees_overdraft
12-1925,digital_access
12-1927,loan_servicing
12-1929,credit_reporting
12-1932,debit_dispute
12-1933,fees_overdraft
12-1936,debit_dispute
12-1937,loan_servicing
12-1940,fraud_scam
12-1941,debit_dispute
12-1942,privacy
12-1947,fees_overdraft
12-1950,debit_dispute
12-1951,account_open_close
12-1953,fees_overdraft
12-1954,credit_reporting
12-1955,account_open_close
12-1957,loan_servicing
12-1958,member_service
12-1960,member_service
12-1961,account_open_close
12-1963,funds_availability
12-1964,fair_lending
12-1965,member_service
12-1968,account_open_close
12-1969,funds_availability
12-1971,credit_reporting
12-1972,privacy
12-1975,member_service
12-1978,fraud_scam
12-1979,debit_dispute
12-1980,fees_overdraft
12-1983,loan_servicing
12-1985,digital_access
12-1986,credit_reporting
12-1987,digital_access
12-1991,credit_reporting
12-1992,digital_access
12-1993,member_service
12-1994,digital_access
12-1995,digital_access
12-1996,fraud_scam
12-1998,debit_dispute
12-1999,credit_card_billing
12-2009,account_open_close
12-2011,digital_access
12-2013,fees_overdraft
12-2014,digital_access
12-2015,digital_access
12-2016,digital_access
12-2017,digital_access
12-2021,digital_access
12-2022,loan_servicing
12-2032,funds_availability
12-2033,debit_dispute
12-2035,debit_dispute
12-2038,digital_access
12-2046,credit_reporting
12-2052,digital_access
12-2053,digital_access
12-2054,loan_servicing
12-2055,digital_access
12-2056,credit_card_billing
12-2057,digital_access
12-2059,loan_servicing
12-2060,fees_overdraft
12-2062,fraud_scam
12-2063,digital_access
12-2065,member_service
12-2068,fraud_scam
12-2072,digital_access
12-2073,fees_overdraft
12-2075,debit_dispute
12-2083,digital_access
12-2085,digital_access
12-2088,funds_availability
12-2089,member_service
12-2091,member_service
12-2092,fraud_scam
12-2093,digital_access
12-2095,fees_overdraft
12-2101,fraud_scam
12-2102,credit_card_billing
12-2103,debit_dispute
12-2104,funds_availability
12-2105,fair_lending
12-2107,debit_dispute
12-2113,fraud_scam
12-2116,loan_servicing
12-2117,debit_dispute
12-2118,credit_reporting
12-2120,debit_dispute
12-2121,debit_dispute
12-2122,debit_dispute
12-2123,fraud_scam
12-2125,account_open_close
12-2126,privacy
12-2129,credit_reporting
12-2130,credit_card_billing
12-2132,privacy
12-2134,digital_access
12-2135,privacy
12-2136,digital_access
12-2144,debit_dispute
12-2145,fair_lending
12-2149,fees_overdraft
12-2151,digital_access
12-2152,account_open_close
12-2153,digital_access
12-2157,fraud_scam
12-2163,digital_access
12-2164,debit_dispute
12-2166,credit_card_billing
12-2168,credit_card_billing
12-2169,digital_access
12-2176,account_open_close
12-2177,member_service
12-2179,digital_access
12-2181,debit_dispute
12-2182,fair_lending
12-2191,account_open_close
12-2194,fees_overdraft
12-2196,credit_reporting
12-2197,digital_access
12-2198,digital_access
12-2201,fraud_scam
12-2202,loan_servicing
12-2207,member_service
12-2209,debit_dispute
12-2212,privacy
12-2216,fair_lending
12-2221,digital_access
12-2226,fraud_scam
12-2227,debit_dispute
12-2228,debit_dispute
12-2233,debit_dispute
12-2235,credit_reporting
12-2236,fees_overdraft
12-2239,privacy
12-2241,account_open_close
12-2242,digital_access
12-2246,member_service
12-2248,credit_card_billing
12-2252,digital_access
12-2254,credit_card_billing
12-2255,fraud_scam
12-2259,digital_access
12-2260,credit_reporting
12-2261,privacy
12-2264,loan_servicing
12-2265,debit_dispute
12-2268,credit_card_billing
12-2269,account_open_close
12-2271,debit_dispute
12-2272,digital_access
12-2274,funds_availability
12-2275,digital_access
12-2277,debit_dispute
12-2280,member_service
12-2281,debit_dispute
12-2283,credit_card_billing
12-2293,funds_availability
12-2300,debit_dispute
12-2307,loan_servicing
12-2312,loan_servicing
12-2317,debit_dispute
12-2318,member_service
12-2320,debit_dispute
12-2321,debit_dispute
12-2324,member_service
12-2325,loan_servicing
12-2327,digital_access
12-2335,fraud_scam
12-2340,loan_servicing
12-2344,fraud_scam
12-2346,loan_servicing
12-2349,fraud_scam
12-2351,member_service
12-2355,credit_card_billing
12-2357,loan_servicing
12-2360,fees_overdraft
12-2361,debit_dispute
12-2362,debit_dispute
12-2364,account_open_close
12-2366,debit_dispute
12-2367,loan_servicing
12-2369,fraud_scam
12-2371,debit_dispute
12-2373,digital_access
12-2384,privacy
12-2394,digital_access
12-2395,member_service
12-2397,fraud_scam
12-2398,fees_overdraft
12-2400,digital_access
12-2401,fraud_scam
12-2402,funds_availability
12-2405,debit_dispute
12-2414,member_service
12-2418,debit_dispute
12-2420,debit_dispute
12-2421,fees_overdraft
12-2425,loan_servicing
12-2429,fees_overdraft
12-2431,debit_dispute
12-2436,debit_dispute
12-2440,debit_dispute
12-2446,debit_dispute
12-2451,digital_access
12-2452,credit_reporting
12-2453,member_service
12-2454,debit_dispute
12-2456,loan_servicing
12-2457,debit_dispute
12-2460,funds_availability
12-2461,debit_dispute
12-2462,credit_card_billing
12-2464,debit_dispute
12-2470,loan_servicing
12-2472,privacy
12-2475,debit_dispute
12-2476,privacy
12-2479,fees_overdraft
12-2480,member_service
12-2483,debit_dispute
12-2485,debit_dispute
12-2487,debit_dispute
12-2490,digital_access
12-2493,digital_access
12-2494,digital_access
12-2496,privacy
12-2497,loan_servicing
12-2500,debit_dispute
12-2502,fees_overdraft
12-2506,debit_dispute
12-2508,member_service
12-2509,credit_reporting
12-2510,debit_dispute
12-2511,debit_dispute
12-2512,credit_card_billing
12-2517,member_service
12-2518,debit_dispute
12-2519,fraud_scam
12-2521,fees_overdraft
12-2525,debit_dispute
12-2528,credit_reporting
12-2535,fraud_scam
12-2536,loan_servicing
12-2538,fraud_scam
12-2540,debit_dispute
12-2542,account_open_close
12-2544,fraud_scam
12-2546,loan_servicing
12-2547,digital_access
12-2548,debit_dispute
12-2549,debit_dispute
12-2550,member_service
12-2551,member_service
12-2552,fraud_scam
12-2558,fees_overdraft
12-2560,debit_dispute
12-2562,fees_overdraft
12-2563,fair_lending
12-2565,funds_availability
12-2568,account_open_close
12-2569,fraud_scam
12-2573,funds_availability
12-2579,debit_dispute
12-2580,digital_access
12-2586,digital_access
12-2587,digital_access
12-2590,fraud_scam
12-2593,debit_dispute
12-2596,digital_access
12-2597,digital_access
12-2598,fair_lending
12-2599,debit_dispute
12-2601,credit_card_billing
12-2603,digital_access
12-2604,account_open_close
12-2605,debit_dispute
12-2606,debit_dispute
12-2609,funds_availability
12-2612,debit_dispute
12-2614,debit_dispute
12-2617,fraud_scam
12-2618,fees_overdraft
12-2620,debit_dispute
12-2621,fraud_scam
12-2623,account_open_close
12-2624,digital_access
12-2625,member_service
12-2627,member_service
12-2628,fees_overdraft
12-2630,member_service
12-2633,member_service
12-2635,fraud_scam
12-2636,loan_servicing
12-2640,credit_reporting
12-2642,fraud_scam
12-2644,digital_access
12-2648,funds_availability
12-2650,debit_dispute
12-2651,digital_access
12-2652,debit_dispute
12-2656,credit_card_billing
12-2659,debit_dispute
12-2660,digital_access
12-2663,funds_availability
12-2664,debit_dispute
12-2666,credit_reporting
12-2668,fraud_scam
12-2669,credit_card_billing
12-2670,debit_dispute
12-2671,debit_dispute
12-2672,member_service
12-2676,loan_servicing
12-2677,funds_availability
12-2678,privacy
12-2680,fees_overdraft
12-2682,debit_dispute
12-2683,fraud_scam
12-2684,member_service
12-2687,member_service
12-2694,fraud_scam
12-2698,digital_access
12-2702,funds_availability
12-2705,credit_reporting
12-2706,fraud_scam
12-2707,credit_card_billing
12-2708,debit_dispute
12-2709,fraud_scam
12-2714,loan_servicing
12-2717,fraud_scam
12-2722,digital_access
12-2723,digital_access
12-2724,account_open_close
12-2725,fees_overdraft
12-2727,fraud_scam
12-2728,member_service
12-2729,member_service
12-2732,digital_access
12-2733,fees_overdraft
12-2735,fees_overdraft
12-2737,loan_servicing
12-2738,account_open_close
12-2741,fraud_scam
12-2742,privacy
12-2746,fees_overdraft
12-2748,credit_card_billing
12-2752,loan_servicing
12-2753,digital_access
12-2754,debit_dispute
12-2757,member_service
12-2758,funds_availability
12-2761,debit_dispute
12-2767,member_service
12-2768,fraud_scam
12-2772,fraud_scam
12-2775,privacy
12-2778,digital_access
12-2780,account_open_close
12-2781,debit_dispute
12-2783,credit_card_billing
12-2789,loan_servicing
12-2790,fraud_scam
12-2791,credit_reporting
12-2793,debit_dispute
12-2795,digital_access
12-2796,loan_servicing
12-2799,funds_availability
12-2801,privacy
12-2802,credit_reporting
12-2805,fees_overdraft
12-2806,debit_dispute
12-2809,funds_availability
12-2811,member_service
12-2813,fraud_scam
12-2814,digital_access
12-2815,debit_dispute
12-2816,digital_access
12-2818,credit_card_billing
12-2820,fraud_scam
12-2824,debit_dispute
12-2826,funds_availability
12-2827,loan_servicing
12-2828,loan_servicing
12-2829,debit_dispute
12-2833,account_open_close
12-2834,digital_access
12-2836,debit_dispute
12-2841,member_service
12-2843,fair_lending
12-2844,funds_availability
12-2846,fraud_scam
12-2848,fraud_scam
12-2849,account_open_close
12-2850,debit_dispute
12-2851,loan_servicing
12-2854,debit_dispute
12-2855,digital_access
12-2856,debit_dispute
12-2857,digital_access
12-2859,funds_availability
12-2860,member_service
12-2861,debit_dispute
12-2862,debit_dispute
12-2865,digital_access
12-2867,credit_reporting
12-2868,credit_reporting
12-2869,loan_servicing
12-2871,privacy
12-2872,fraud_scam
12-2878,member_service
12-2879,loan_servicing
12-2888,debit_dispute
12-2889,credit_card_billing
12-2895,funds_availability
12-2898,fair_lending
12-2899,member_service
12-2903,fraud_scam
12-2904,fraud_scam
12-2907,credit_card_billing
12-2908,credit_card_billing
12-2909,loan_servicing
12-2910,digital_access
12-2911,debit_dispute
12-2919,funds_availability
12-2921,debit_dispute
12-2924,fraud_scam
12-2925,loan_servicing
12-2926,credit_card_billing
12-2927,debit_dispute
12-2928,fees_overdraft
12-2930,debit_dispute
12-2931,loan_servicing
12-2932,member_service
12-2934,digital_access
12-2935,member_service
12-2937,funds_availability
12-2938,debit_dispute
12-2941,debit_dispute
12-2942,funds_availability
12-2944,credit_reporting
12-2948,member_service
12-2949,member_service
12-2952,loan_servicing
12-2953,fees_overdraft
12-2955,loan_servicing
12-2958,fraud_scam
12-2961,fraud_scam
12-2962,account_open_close
12-2963,privacy
12-2967,account_open_close
12-2969,fraud_scam
12-2973,digital_access
12-2976,debit_dispute
12-2977,debit_dispute
12-2980,member_service
12-2981,debit_dispute
12-2983,funds_availability
12-2988,digital_access
12-2990,loan_servicing
12-2993,debit_dispute
12-2994,loan_servicing
12-2995,member_service
12-2996,debit_dispute
12-3004,member_service
12-3007,credit_card_billing
12-3008,digital_access
12-3009,fraud_scam
12-3013,debit_dispute
12-3015,funds_availability
12-3016,loan_servicing
12-3019,fees_overdraft
12-3021,debit_dispute
12-3025,fees_overdraft
12-3027,privacy
12-3029,debit_dispute
12-3031,fees_overdraft
12-3032,credit_card_billing
12-3035,debit_dispute
12-3036,credit_reporting
12-3037,credit_reporting
12-3040,fees_overdraft
12-3041,funds_availability
12-3043,fraud_scam
12-3046,loan_servicing
12-3048,digital_access
12-3049,member_service
12-3050,fraud_scam
12-3052,debit_dispute
12-3061,debit_dispute
12-3064,digital_access
12-3065,member_service
12-3067,debit_dispute
12-3068,member_service
12-3074,debit_dispute
