word,score
angry,-3
apologize,-1
appreciate,2
bounce,-2
bounced,-2
cheated,-3
complaint,-1
confusing,-1
crashes,-2
denied,-2
disappointed,-2
discrimination,-3
dismissive,-2
disrespectful,-3
error,-1
excellent,3
fed,-1
fine,1
fraud,-2
frustrated,-2
glad,2
gone,-1
good,1
great,3
happy,2
help,1
helpful,2
horrible,-3
hung,-1
issue,-1
late,-1
laughed,-2
lawyer,-2
liked,2
locked,-1
love,3
never,-1
nightmare,-3
nothing,-1
patience,1
perfect,3
pleasure,2
problem,-1
resolved,2
ridiculous,-2
rude,-3
scam,-2
scammed,-3
serious,-1
sorry,-1
stolen,-2
struggling,-2
stupid,-2
terrible,-3
thank,2
thanks,2
trouble,-1
unacceptable,-3
unauthorized,-2
unusual,-1
waited,-1
welcome,1
worst,-3
wrong,-2
