card_id,branch,date,comment,rating
CC-001,Cedar Falls,04/19/2026,The ATM ate my card – please fix.,5
CC-002,Orchard Hill,01/27/2026,Ms. Nuñez explained my escrow perfectly.,1
CC-003,Riverbend,01/08/2026,Line was too long — only one teller.,1
CC-004,Northgate,04/15/2026,Why did you remove the pens? ¯\_(?)_/¯,4
CC-005,Orchard Hill,03/22/2026,Café in the lobby is a nice touch.,1
CC-006,Cedar Falls,07/14/2026,Why did you remove the pens? ¯\_(?)_/¯,
CC-007,Northgate,09/16/2026,Parking lot lights are out again.,2
CC-008,Harbor Point,04/30/2026,The new drive–thru hours are great “finally”.,4
CC-009,Millbrook Main,04/04/2026,Loved the shred day event!,2
CC-010,Northgate,08/18/2026,Café in the lobby is a nice touch.,1
CC-011,Millbrook Main,07/29/2026,Parking lot lights are out again.,4
CC-012,Orchard Hill,04/28/2026,The new drive–thru hours are great “finally”.,
CC-013,Millbrook Main,02/10/2026,Line was too long — only one teller.,3
CC-014,Northgate,09/27/2026,Why did you remove the pens? ¯\_(?)_/¯,4
CC-015,Stonegate,07/26/2026,Ms. Nuñez explained my escrow perfectly.,
CC-016,Millbrook Main,09/22/2026,Why did you remove the pens? ¯\_(?)_/¯,2
CC-017,Riverbend,08/25/2026,Staff were friendly and fast.,
CC-018,Cedar Falls,02/15/2026,Can’t find the coin machine anymore.,
CC-019,Westfield,08/16/2026,Ms. Nuñez explained my escrow perfectly.,5
CC-020,Orchard Hill,04/30/2026,"Résumé workshop was useful, thank you.",3
CC-021,Stonegate,09/09/2026,Too many forms for a simple CD.,3
CC-022,Cedar Falls,04/08/2026,Lobby too cold ?,4
CC-023,Millbrook Main,04/27/2026,José at the counter was so helpful!,3
CC-024,Westfield,05/15/2026,"Résumé workshop was useful, thank you.",1
CC-025,Cedar Falls,03/08/2026,"Résumé workshop was useful, thank you.",1
CC-026,Westfield,06/11/2026,Loved the shred day event!,5
CC-027,Westfield,04/03/2026,Staff were friendly and fast.,3
CC-028,Riverbend,02/14/2026,Staff were friendly and fast.,
CC-029,Millbrook Main,06/05/2026,Parking lot lights are out again.,
CC-030,Millbrook Main,06/24/2026,Too many forms for a simple CD.,2
CC-031,Orchard Hill,09/23/2026,Naïve question but do you do notary?,4
CC-032,Riverbend,07/23/2026,Naïve question but do you do notary?,5
CC-033,Harbor Point,07/11/2026,Café in the lobby is a nice touch.,3
CC-034,Riverbend,03/23/2026,Loved the shred day event!,2
CC-035,Harbor Point,01/24/2026,The new drive–thru hours are great “finally”.,2
CC-036,Riverbend,01/08/2026,Why did you remove the pens? ¯\_(?)_/¯,2
CC-037,Northgate,03/17/2026,Ms. Nuñez explained my escrow perfectly.,2
CC-038,Riverbend,02/27/2026,José at the counter was so helpful!,5
CC-039,Millbrook Main,01/02/2026,The ATM ate my card – please fix.,1
CC-040,Cedar Falls,05/15/2026,"Résumé workshop was useful, thank you.",
CC-041,Northgate,09/11/2026,"Résumé workshop was useful, thank you.",2
CC-042,Northgate,07/06/2026,Lobby too cold ?,1
CC-043,Northgate,09/22/2026,Line was too long — only one teller.,
CC-044,Harbor Point,03/06/2026,Can’t find the coin machine anymore.,2
CC-045,Harbor Point,02/02/2026,Ms. Nuñez explained my escrow perfectly.,2
CC-046,Westfield,06/07/2026,"Résumé workshop was useful, thank you.",1
CC-047,Orchard Hill,06/10/2026,The ATM ate my card – please fix.,4
CC-048,Northgate,07/22/2026,Café in the lobby is a nice touch.,
CC-049,Westfield,05/21/2026,José at the counter was so helpful!,1
CC-050,Northgate,07/03/2026,Why did you remove the pens? ¯\_(?)_/¯,2
CC-051,Millbrook Main,01/11/2026,Loved the shred day event!,5
CC-052,Harbor Point,02/10/2026,Staff were friendly and fast.,
CC-053,Cedar Falls,09/03/2026,Why did you remove the pens? ¯\_(?)_/¯,5
CC-054,Westfield,06/05/2026,Lobby too cold ?,4
CC-055,Cedar Falls,01/05/2026,Staff were friendly and fast.,5
CC-056,Orchard Hill,01/10/2026,"Résumé workshop was useful, thank you.",1
CC-057,Millbrook Main,07/25/2026,Ms. Nuñez explained my escrow perfectly.,3
CC-058,Riverbend,02/16/2026,Naïve question but do you do notary?,2
CC-059,Harbor Point,03/15/2026,Staff were friendly and fast.,
CC-060,Orchard Hill,02/08/2026,Line was too long — only one teller.,1
CC-061,Riverbend,06/03/2026,Café in the lobby is a nice touch.,3
CC-062,Westfield,08/12/2026,Can’t find the coin machine anymore.,2
CC-063,Westfield,09/12/2026,Lobby too cold ?,1
CC-064,Cedar Falls,07/20/2026,"Résumé workshop was useful, thank you.",3
